{
    "predict_bleu-4": 92.21327412109375,
    "predict_model_preparation_time": 0.007,
    "predict_rouge-1": 79.13039501953125,
    "predict_rouge-2": 68.8172404296875,
    "predict_rouge-l": 85.05834140625001,
    "predict_runtime": 674.3849,
    "predict_samples_per_second": 1.518,
    "predict_steps_per_second": 0.759
}